id,name
ETCM_Gene_1,CYP2A6
ETCM_Gene_2,IGHG1
ETCM_Gene_3,SHBG
ETCM_Gene_4,MAOB
ETCM_Gene_5,NR1H4
ETCM_Gene_6,ACOT13
ETCM_Gene_7,DBI
ETCM_Gene_8,RHO
ETCM_Gene_9,ALB
ETCM_Gene_10,CDK6
ETCM_Gene_11,GABRA1
ETCM_Gene_12,GABRA2
ETCM_Gene_13,GABRA3
ETCM_Gene_14,GABRA4
ETCM_Gene_15,GABRA5
ETCM_Gene_16,GABRA6
ETCM_Gene_17,GABRG1
ETCM_Gene_18,GABRG2
ETCM_Gene_19,GABRG3
ETCM_Gene_20,MTTP
ETCM_Gene_21,SOAT1
ETCM_Gene_22,SOAT2
ETCM_Gene_23,UGT3A1
ETCM_Gene_24,AKR1C1
ETCM_Gene_25,AKR1C2
ETCM_Gene_26,AR
ETCM_Gene_27,CLEC4E
ETCM_Gene_28,ESR1
ETCM_Gene_29,ESR2
ETCM_Gene_30,GABRB1
ETCM_Gene_31,GABRB2
ETCM_Gene_32,GABRB3
ETCM_Gene_33,GABRD
ETCM_Gene_34,GABRE
ETCM_Gene_35,GABRP
ETCM_Gene_36,GABRQ
ETCM_Gene_37,GRIN1
ETCM_Gene_38,GRIN2A
ETCM_Gene_39,GRIN2B
ETCM_Gene_40,GRIN2C
ETCM_Gene_41,GRIN2D
ETCM_Gene_42,GRIN3A
ETCM_Gene_43,GRIN3B
ETCM_Gene_44,HSD17B1
ETCM_Gene_45,LIP3
ETCM_Gene_46,LSS
ETCM_Gene_47,NCOA2
ETCM_Gene_48,NR1I2
ETCM_Gene_49,NR1I3
ETCM_Gene_50,NR3C1
ETCM_Gene_51,NR3C2
ETCM_Gene_52,PGR
ETCM_Gene_53,PPARA
ETCM_Gene_54,RORA
ETCM_Gene_55,SIGMAR1
ETCM_Gene_56,SULT2A1
ETCM_Gene_57,SULT2B1
ETCM_Gene_58,VDR
ETCM_Gene_59,NFKB1
ETCM_Gene_60,NFKB2
ETCM_Gene_61,LCN9
ETCM_Gene_62,COMT
ETCM_Gene_63,ACTB
ETCM_Gene_64,AHR
ETCM_Gene_65,AKT1
ETCM_Gene_66,ATP5A1
ETCM_Gene_67,ATP5B
ETCM_Gene_68,ATP5C1
ETCM_Gene_69,CA1
ETCM_Gene_70,CA12
ETCM_Gene_71,CA14
ETCM_Gene_72,CA2
ETCM_Gene_73,CA3
ETCM_Gene_74,CA4
ETCM_Gene_75,CA5A
ETCM_Gene_76,CA5B
ETCM_Gene_77,CA6
ETCM_Gene_78,CA7
ETCM_Gene_79,CA9
ETCM_Gene_80,CBR1
ETCM_Gene_81,CEBPB
ETCM_Gene_82,CSNK2A1
ETCM_Gene_83,CSNK2B
ETCM_Gene_84,CYP19A1
ETCM_Gene_85,CYP1B1
ETCM_Gene_86,DHFRL1
ETCM_Gene_87,DNMT1
ETCM_Gene_88,EIF3F
ETCM_Gene_89,ESRRA
ETCM_Gene_90,ESRRB
ETCM_Gene_91,GPER1
ETCM_Gene_92,HCK
ETCM_Gene_93,HIBCH
ETCM_Gene_94,HSP90AA1
ETCM_Gene_95,HSPA2
ETCM_Gene_96,JAK1
ETCM_Gene_97,KANSL3
ETCM_Gene_98,NCOA1
ETCM_Gene_99,NQO2
ETCM_Gene_100,PIK3CG
ETCM_Gene_101,PIM1
ETCM_Gene_102,PRKACA
ETCM_Gene_103,PRKCA
ETCM_Gene_104,PRKCB
ETCM_Gene_105,PTK2B
ETCM_Gene_106,RUVBL2
ETCM_Gene_107,SF3B3
ETCM_Gene_108,SQLE
ETCM_Gene_109,STK17B
ETCM_Gene_110,SYK
ETCM_Gene_111,TOP2A
ETCM_Gene_112,UBA1
ETCM_Gene_113,BLLF1
ETCM_Gene_114,FAAH
ETCM_Gene_115,TRPV3
ETCM_Gene_116,CTRB1
ETCM_Gene_117,LCN2
ETCM_Gene_118,MIF
ETCM_Gene_119,ADH1C
ETCM_Gene_120,ALOX5
ETCM_Gene_121,ANXA1
ETCM_Gene_122,CES1
ETCM_Gene_123,COX4I1
ETCM_Gene_124,COX5A
ETCM_Gene_125,COX5B
ETCM_Gene_126,COX6A2
ETCM_Gene_127,COX6B1
ETCM_Gene_128,COX6C
ETCM_Gene_129,COX7A1
ETCM_Gene_130,COX7B
ETCM_Gene_131,COX7C
ETCM_Gene_132,COX8A
ETCM_Gene_133,EFTUD1
ETCM_Gene_134,ESRRG
ETCM_Gene_135,FABP6
ETCM_Gene_136,FECH
ETCM_Gene_137,GPBAR1
ETCM_Gene_138,GSTP1
ETCM_Gene_139,HMGCR
ETCM_Gene_140,HSD11B1
ETCM_Gene_141,HSD11B2
ETCM_Gene_142,HSD3B1
ETCM_Gene_143,IGHG2
ETCM_Gene_144,ITGAL
ETCM_Gene_145,ITGB2
ETCM_Gene_146,MT-CO1
ETCM_Gene_147,MT-CO2
ETCM_Gene_148,MT-CO3
ETCM_Gene_149,NPPB
ETCM_Gene_150,PLA2G1B
ETCM_Gene_151,PRLR
ETCM_Gene_152,PTGS1
ETCM_Gene_153,AKR1D1
ETCM_Gene_154,BCL2
ETCM_Gene_155,HSD17B11
ETCM_Gene_156,CACNA1C
ETCM_Gene_157,CACNA1D
ETCM_Gene_158,CACNA1F
ETCM_Gene_159,CACNA1S
ETCM_Gene_160,CACNB1
ETCM_Gene_161,CACNB2
ETCM_Gene_162,CACNB3
ETCM_Gene_163,CACNB4
ETCM_Gene_164,OPRK1
ETCM_Gene_165,TRPA1
ETCM_Gene_166,TRPM8
ETCM_Gene_167,CRYZ
ETCM_Gene_168,NQO1
ETCM_Gene_169,VKORC1
ETCM_Gene_170,IGKC
ETCM_Gene_171,IGKV2-30
ETCM_Gene_172,RXRA
ETCM_Gene_173,TRPV1
ETCM_Gene_174,CYP1A2
ETCM_Gene_175,NR2F1
ETCM_Gene_176,ATP2A1
ETCM_Gene_177,HA
ETCM_Gene_178,SCN2A
ETCM_Gene_179,SCN4A
ETCM_Gene_180,ABL1
ETCM_Gene_181,ACSL3
ETCM_Gene_182,ACSL4
ETCM_Gene_183,ADH5
ETCM_Gene_184,ARF1
ETCM_Gene_185,ARF6
ETCM_Gene_186,C8G
ETCM_Gene_187,CALM1
ETCM_Gene_188,CNR1
ETCM_Gene_189,CNR2
ETCM_Gene_190,CYP2C8
ETCM_Gene_191,ECI2
ETCM_Gene_192,ELOVL4
ETCM_Gene_193,FADS1
ETCM_Gene_194,FADS2
ETCM_Gene_195,FFAR1
ETCM_Gene_196,FKBP1A
ETCM_Gene_197,FURIN
ETCM_Gene_198,GLTP
ETCM_Gene_199,GM2A
ETCM_Gene_200,GUCA1A
ETCM_Gene_201,HNF4A
ETCM_Gene_202,HNF4G
ETCM_Gene_203,INS
ETCM_Gene_204,LALBA
ETCM_Gene_205,LTB4R
ETCM_Gene_206,LTB4R2
ETCM_Gene_207,LTF
ETCM_Gene_208,LY96
ETCM_Gene_209,PAEP
ETCM_Gene_210,PKIA
ETCM_Gene_211,PLA2G2A
ETCM_Gene_212,PLA2G2D
ETCM_Gene_213,PLA2G2E
ETCM_Gene_214,PMP2
ETCM_Gene_215,PPARD
ETCM_Gene_216,PPARG
ETCM_Gene_217,PPA_RS05235
ETCM_Gene_218,PPP3CA
ETCM_Gene_219,PPP3R1
ETCM_Gene_220,PPT1
ETCM_Gene_221,PTGS2
ETCM_Gene_222,PVR
ETCM_Gene_223,RCVRN
ETCM_Gene_224,RXRB
ETCM_Gene_225,RXRG
ETCM_Gene_226,S100B
ETCM_Gene_227,SEC14L2
ETCM_Gene_228,SLC8A1
ETCM_Gene_229,SREBF1
ETCM_Gene_230,TLR4
ETCM_Gene_231,TM1468
ETCM_Gene_232,TRAPPC3
ETCM_Gene_233,VLDLR
ETCM_Gene_234,AKR1C3
ETCM_Gene_235,CYP17A1
ETCM_Gene_236,ORM1
ETCM_Gene_237,ALDH2
ETCM_Gene_238,AURKB
ETCM_Gene_239,NFKBIA
ETCM_Gene_240,CYP27B1
ETCM_Gene_241,HOXA10
ETCM_Gene_242,CDIPT
ETCM_Gene_243,GBA
ETCM_Gene_244,CPA1
ETCM_Gene_245,SCPEP1
ETCM_Gene_246,MBL2
ETCM_Gene_247,AADACL2
ETCM_Gene_248,P2RY12
ETCM_Gene_249,PTGIR
ETCM_Gene_250,PTGIS
ETCM_Gene_251,METAP2
ETCM_Gene_252,RNASE1
ETCM_Gene_253,TPI1
ETCM_Gene_254,CTSB
ETCM_Gene_255,DAO
ETCM_Gene_256,HRSP12
ETCM_Gene_257,PRDX5
ETCM_Gene_258,RAB9A
ETCM_Gene_259,SLC15A1
ETCM_Gene_260,ERG11
ETCM_Gene_261,PTGR1
ETCM_Gene_262,TYR
ETCM_Gene_263,EDNRA
ETCM_Gene_264,ABO
ETCM_Gene_265,AMY1A
ETCM_Gene_266,AMY2A
ETCM_Gene_267,AMY2B
ETCM_Gene_268,BAMF_RS28815
ETCM_Gene_269,GCK
ETCM_Gene_270,GLT6D1
ETCM_Gene_271,GNPDA1
ETCM_Gene_272,HK1
ETCM_Gene_273,IFNB1
ETCM_Gene_274,KRTAP5-2
ETCM_Gene_275,KRTAP5-3
ETCM_Gene_276,LCTL
ETCM_Gene_277,LGALS2
ETCM_Gene_278,LGALS3
ETCM_Gene_279,LGALS7
ETCM_Gene_280,MAN1B1
ETCM_Gene_281,MB
ETCM_Gene_282,NCAN
ETCM_Gene_283,NUDT9
ETCM_Gene_284,PYGL
ETCM_Gene_285,PYGM
ETCM_Gene_286,SFTPD
ETCM_Gene_287,SIGLEC1
ETCM_Gene_288,SMARCA5
ETCM_Gene_289,TM0024
ETCM_Gene_290,ALDH1L1
ETCM_Gene_291,AMT
ETCM_Gene_292,ATIC
ETCM_Gene_293,DHRS4L1
ETCM_Gene_294,FOLR1
ETCM_Gene_295,FOLR2
ETCM_Gene_296,FOLR3
ETCM_Gene_297,FTCD
ETCM_Gene_298,MPN348
ETCM_Gene_299,MTFMT
ETCM_Gene_300,MTHFD1
ETCM_Gene_301,MTHFD2
ETCM_Gene_302,MTHFR
ETCM_Gene_303,MTR
ETCM_Gene_304,PNP
ETCM_Gene_305,SHMT1
ETCM_Gene_306,SHMT2
ETCM_Gene_307,THYA
ETCM_Gene_308,TK
ETCM_Gene_309,TYMS
ETCM_Gene_310,UL30
ETCM_Gene_311,PDXK
ETCM_Gene_312,YWHAE
ETCM_Gene_313,ATP1A1
ETCM_Gene_314,A103R
ETCM_Gene_315,ABCA1
ETCM_Gene_316,ABCB1
ETCM_Gene_317,ABCB11
ETCM_Gene_318,ABCC1
ETCM_Gene_319,ABCC2
ETCM_Gene_320,ABCC4
ETCM_Gene_321,ABCC6
ETCM_Gene_322,ABCC8
ETCM_Gene_323,ABCC9
ETCM_Gene_324,ABCG1
ETCM_Gene_325,ABL2
ETCM_Gene_326,ACSL1
ETCM_Gene_327,ACSS1
ETCM_Gene_328,ACSS2
ETCM_Gene_329,ACVR1
ETCM_Gene_330,ACVR1B
ETCM_Gene_331,ACVRL1
ETCM_Gene_332,ADA
ETCM_Gene_333,ADCY1
ETCM_Gene_334,ADK
ETCM_Gene_335,ADORA1
ETCM_Gene_336,ADORA2A
ETCM_Gene_337,ADORA2B
ETCM_Gene_338,ADORA3
ETCM_Gene_339,ADRBK1
ETCM_Gene_340,ADRBK2
ETCM_Gene_341,ADSSL1
ETCM_Gene_342,AFG3L2
ETCM_Gene_343,AHCY
ETCM_Gene_344,ALK
ETCM_Gene_345,AMHR2
ETCM_Gene_346,APAF1
ETCM_Gene_347,ARAF
ETCM_Gene_348,ARF4
ETCM_Gene_349,ARL1
ETCM_Gene_350,ARL3
ETCM_Gene_351,ARL5A
ETCM_Gene_352,ARL5B
ETCM_Gene_353,ASNA1
ETCM_Gene_354,ASNS
ETCM_Gene_355,ASS1
ETCM_Gene_356,BAG1
ETCM_Gene_357,BALF5
ETCM_Gene_358,CDA
ETCM_Gene_359,CDC42
ETCM_Gene_360,CDK15
ETCM_Gene_361,CFTR
ETCM_Gene_362,CMPK1
ETCM_Gene_363,CREB1
ETCM_Gene_364,CSNK1G2
ETCM_Gene_365,DCK
ETCM_Gene_366,DLG4
ETCM_Gene_367,EEF1A1
ETCM_Gene_368,EEF2
ETCM_Gene_369,EIF2S3
ETCM_Gene_370,ENPP1
ETCM_Gene_371,FBP1
ETCM_Gene_372,FHIT
ETCM_Gene_373,GLUD1
ETCM_Gene_374,GMDS
ETCM_Gene_375,GMPR
ETCM_Gene_376,GNAI1
ETCM_Gene_377,GNAT1
ETCM_Gene_378,GSG2
ETCM_Gene_379,GSPT1
ETCM_Gene_380,GUK1
ETCM_Gene_381,HINT1
ETCM_Gene_382,HRAS
ETCM_Gene_383,HSP90B1
ETCM_Gene_384,HSPA8
ETCM_Gene_385,IMPDH1
ETCM_Gene_386,IMPDH2
ETCM_Gene_387,IRGC
ETCM_Gene_388,L
ETCM_Gene_389,LSM6
ETCM_Gene_390,MAPK3
ETCM_Gene_391,NAE1
ETCM_Gene_392,NME1
ETCM_Gene_393,NME2
ETCM_Gene_394,NT5C2
ETCM_Gene_395,P2
ETCM_Gene_396,PAPS
ETCM_Gene_397,PB1
ETCM_Gene_398,PDE4B
ETCM_Gene_399,PDE4D
ETCM_Gene_400,PDE5A
ETCM_Gene_401,PFKFB1
ETCM_Gene_402,PIK3CA
ETCM_Gene_403,POLA1
ETCM_Gene_404,POLB
ETCM_Gene_405,PPP5C
ETCM_Gene_406,PRKAA1
ETCM_Gene_407,PRKAB1
ETCM_Gene_408,PRKAB2
ETCM_Gene_409,RAB11A
ETCM_Gene_410,RAB5A
ETCM_Gene_411,RAB7A
ETCM_Gene_412,RAB8B
ETCM_Gene_413,RAC1
ETCM_Gene_414,RALA
ETCM_Gene_415,RAN
ETCM_Gene_416,RAP2A
ETCM_Gene_417,RHEB
ETCM_Gene_418,RHOA
ETCM_Gene_419,RND3
ETCM_Gene_420,RPL10L
ETCM_Gene_421,RPL11
ETCM_Gene_422,RPL13A
ETCM_Gene_423,RPL15
ETCM_Gene_424,RPL19
ETCM_Gene_425,RPL23
ETCM_Gene_426,RPL23A
ETCM_Gene_427,RPL26L1
ETCM_Gene_428,RPL3
ETCM_Gene_429,RPL37
ETCM_Gene_430,RPL8
ETCM_Gene_431,RRM1
ETCM_Gene_432,RSL24D1
ETCM_Gene_433,SAR1B
ETCM_Gene_434,SLC25A4
ETCM_Gene_435,SOD1
ETCM_Gene_436,STM4066
ETCM_Gene_437,TGM2
ETCM_Gene_438,TGM3
ETCM_Gene_439,TK2
ETCM_Gene_440,TLR7
ETCM_Gene_441,TNK2
ETCM_Gene_442,TTHA1435
ETCM_Gene_443,TUFM
ETCM_Gene_444,UCK2
ETCM_Gene_445,UCKL1
ETCM_Gene_446,PRKCD
ETCM_Gene_447,GCH1
ETCM_Gene_448,TM1596
ETCM_Gene_449,ABAT
ETCM_Gene_450,ACADSB
ETCM_Gene_451,ACOX1
ETCM_Gene_452,ALDH5A1
ETCM_Gene_453,HAO1
ETCM_Gene_454,HDAC2
ETCM_Gene_455,HDAC9
ETCM_Gene_456,OGDH
ETCM_Gene_457,SCN10A
ETCM_Gene_458,SCN11A
ETCM_Gene_459,SCN1A
ETCM_Gene_460,SCN1B
ETCM_Gene_461,SCN2B
ETCM_Gene_462,SCN3A
ETCM_Gene_463,SCN3B
ETCM_Gene_464,SCN4B
ETCM_Gene_465,SCN5A
ETCM_Gene_466,SCN7A
ETCM_Gene_467,SCN8A
ETCM_Gene_468,SCN9A
ETCM_Gene_469,MTAP
ETCM_Gene_470,PPP1CC
ETCM_Gene_471,GSTA1
ETCM_Gene_472,NR1H2
ETCM_Gene_473,NR1H3
ETCM_Gene_474,ACTA1
ETCM_Gene_475,ATOX1
ETCM_Gene_476,LCT
ETCM_Gene_477,LYZ
ETCM_Gene_478,MAN2A1
ETCM_Gene_479,RTCB
ETCM_Gene_480,TAS1R2
ETCM_Gene_481,CYP2C9
ETCM_Gene_482,CYP2D6
ETCM_Gene_483,CYP2E1
ETCM_Gene_484,CYP3A4
ETCM_Gene_485,CYP3A43
ETCM_Gene_486,CYP3A5
ETCM_Gene_487,CYP3A7
ETCM_Gene_488,GGCX
ETCM_Gene_489,ABCC5
ETCM_Gene_490,BCL2L1
ETCM_Gene_491,GLO1
ETCM_Gene_492,KRT12
ETCM_Gene_493,KRT2
ETCM_Gene_494,MAPK8IP1
ETCM_Gene_495,KCNMA1
ETCM_Gene_496,S100P
ETCM_Gene_497,AQP1
ETCM_Gene_498,BXE_RS00860
ETCM_Gene_499,CLPS
ETCM_Gene_500,CYC1
ETCM_Gene_501,ETFDH
ETCM_Gene_502,KCNJ3
ETCM_Gene_503,MIP
ETCM_Gene_504,MT-CYB
ETCM_Gene_505,PNLIP
ETCM_Gene_506,SDHA
ETCM_Gene_507,SDHB
ETCM_Gene_508,SDHC
ETCM_Gene_509,SDHD
ETCM_Gene_510,SERPINA1
ETCM_Gene_511,TTHA1133
ETCM_Gene_512,TTHA1134
ETCM_Gene_513,TTHA1135
ETCM_Gene_514,UQCR10
ETCM_Gene_515,UQCRB
ETCM_Gene_516,UQCRC1
ETCM_Gene_517,UQCRC2
ETCM_Gene_518,UQCRFS1
ETCM_Gene_519,UQCRH
ETCM_Gene_520,UQCRQ
ETCM_Gene_521,ATP1A2
ETCM_Gene_522,ATP1A3
ETCM_Gene_523,CASP3
ETCM_Gene_524,GLRA3
ETCM_Gene_525,IL1B
ETCM_Gene_526,IL6
ETCM_Gene_527,LPL
ETCM_Gene_528,SLCO1B3
ETCM_Gene_529,TNF
ETCM_Gene_530,RARG
ETCM_Gene_531,CYP2B6
ETCM_Gene_532,FTL
ETCM_Gene_533,HBA1
ETCM_Gene_534,HBB
ETCM_Gene_535,LGALS1
ETCM_Gene_536,GABBR1
ETCM_Gene_537,ACO2
ETCM_Gene_538,ALAD
ETCM_Gene_539,ASPH
ETCM_Gene_540,BBOX1
ETCM_Gene_541,HSD17B6
ETCM_Gene_542,OXCT1
ETCM_Gene_543,OXCT2
ETCM_Gene_544,P3H1
ETCM_Gene_545,P3H2
ETCM_Gene_546,P3H3
ETCM_Gene_547,P4HA1
ETCM_Gene_548,P4HA2
ETCM_Gene_549,PLOD1
ETCM_Gene_550,PLOD3
ETCM_Gene_551,SLC13A1
ETCM_Gene_552,SLC13A2
ETCM_Gene_553,SLC13A3
ETCM_Gene_554,SLC25A10
ETCM_Gene_555,SRD5A2
ETCM_Gene_556,SUCLA2
ETCM_Gene_557,SUCLG1
ETCM_Gene_558,SUCLG2
ETCM_Gene_559,SUCNR1
ETCM_Gene_560,TMLHE
ETCM_Gene_561,AOX1
ETCM_Gene_562,DHODH
ETCM_Gene_563,DPYD
ETCM_Gene_564,TTHA0718
ETCM_Gene_565,UL2
ETCM_Gene_566,XDH
ETCM_Gene_567,ACHE
ETCM_Gene_568,BCHE
ETCM_Gene_569,PCYT1A
ETCM_Gene_570,PCYT1B
ETCM_Gene_571,PHOSPHO1
ETCM_Gene_572,PLD1
ETCM_Gene_573,PLD2
ETCM_Gene_574,ATP6
ETCM_Gene_575,BECN1
ETCM_Gene_576,CHRNA4
ETCM_Gene_577,G6PD
ETCM_Gene_578,HSD17B2
ETCM_Gene_579,TOP1
ETCM_Gene_580,AHSP
ETCM_Gene_581,ALKBH2
ETCM_Gene_582,ALKBH3
ETCM_Gene_583,CP
ETCM_Gene_584,DBH
ETCM_Gene_585,EGLN1
ETCM_Gene_586,EGLN2
ETCM_Gene_587,EGLN3
ETCM_Gene_588,FEN1
ETCM_Gene_589,FTH1
ETCM_Gene_590,FXN
ETCM_Gene_591,HDAC8
ETCM_Gene_592,KDM5D
ETCM_Gene_593,NEIL1
ETCM_Gene_594,NEIL2
ETCM_Gene_595,OGFOD1
ETCM_Gene_596,OGFOD2
ETCM_Gene_597,P4HTM
ETCM_Gene_598,PAM
ETCM_Gene_599,PHYH
ETCM_Gene_600,PLOD2
ETCM_Gene_601,SLC23A1
ETCM_Gene_602,TF
ETCM_Gene_603,TFRC
ETCM_Gene_604,ACYP2
ETCM_Gene_605,BC1747
ETCM_Gene_606,BC2969
ETCM_Gene_607,CASK
ETCM_Gene_608,CTBP1
ETCM_Gene_609,CYTH2
ETCM_Gene_610,FGF1
ETCM_Gene_611,GGACT
ETCM_Gene_612,GPHN
ETCM_Gene_613,GST
ETCM_Gene_614,HMOX1
ETCM_Gene_615,NOS1
ETCM_Gene_616,PVALB
ETCM_Gene_617,TM0065
ETCM_Gene_618,TM1070
ETCM_Gene_619,TM1131
ETCM_Gene_620,TM1223
ETCM_Gene_621,TTHA1586
ETCM_Gene_622,BC1844
ETCM_Gene_623,BLVRB
ETCM_Gene_624,DR_A0214
ETCM_Gene_625,DVU2680
ETCM_Gene_626,HAO2
ETCM_Gene_627,PDE4A
ETCM_Gene_628,PDE4C
ETCM_Gene_629,PDE7A
ETCM_Gene_630,PDE7B
ETCM_Gene_631,PNPO
ETCM_Gene_632,POR
ETCM_Gene_633,PPCDC
ETCM_Gene_634,RFK
ETCM_Gene_635,RPS6KA4
ETCM_Gene_636,SGK1
ETCM_Gene_637,SMU_260
ETCM_Gene_638,TM0096
ETCM_Gene_639,TM0857
ETCM_Gene_640,TOP2B
ETCM_Gene_641,E
ETCM_Gene_642,LTA4H
ETCM_Gene_643,FAH
ETCM_Gene_644,GOT1
ETCM_Gene_645,ME2
ETCM_Gene_646,TPR
ETCM_Gene_647,AKR1B1
ETCM_Gene_648,ANG
ETCM_Gene_649,APRT
ETCM_Gene_650,BHMT
ETCM_Gene_651,CPB1
ETCM_Gene_652,CS
ETCM_Gene_653,CTDSP1
ETCM_Gene_654,GNMT
ETCM_Gene_655,HGS
ETCM_Gene_656,HMGCL
ETCM_Gene_657,HS3ST3A1
ETCM_Gene_658,IDH1
ETCM_Gene_659,IDH2
ETCM_Gene_660,IL4I1
ETCM_Gene_661,ITEVIR
ETCM_Gene_662,ITPA
ETCM_Gene_663,MDH2
ETCM_Gene_664,PLEKHA1
ETCM_Gene_665,RNASE3
ETCM_Gene_666,SRC
ETCM_Gene_667,TM1436
ETCM_Gene_668,TNFSF13B
ETCM_Gene_669,ADH1B
ETCM_Gene_670,CYB5A
ETCM_Gene_671,HPGDS
ETCM_Gene_672,ISYNA1
ETCM_Gene_673,ITPR1
ETCM_Gene_674,NAGA
ETCM_Gene_675,PAPSS1
ETCM_Gene_676,TGFBR2
ETCM_Gene_677,TRDMT1
ETCM_Gene_678,ATP6V1C1
ETCM_Gene_679,B3GAT1
ETCM_Gene_680,DDX6
ETCM_Gene_681,HIF1AN
ETCM_Gene_682,TREM1
ETCM_Gene_683,VC0232
ETCM_Gene_684,EXP-1
ETCM_Gene_685,MED1
ETCM_Gene_686,BIRC5
ETCM_Gene_687,DRD1
ETCM_Gene_688,DRD2
ETCM_Gene_689,CHRNA2
ETCM_Gene_690,HRH1
ETCM_Gene_691,HRH2
ETCM_Gene_692,HRH3
ETCM_Gene_693,HRH4
ETCM_Gene_694,SLC18A2
ETCM_Gene_695,GRIA2
ETCM_Gene_696,SRD5A1
ETCM_Gene_697,NOS2
ETCM_Gene_698,NR0B1
ETCM_Gene_699,ADRB1
ETCM_Gene_700,ADRB2
ETCM_Gene_701,AMD1
ETCM_Gene_702,CASR
ETCM_Gene_703,DR_A0149
ETCM_Gene_704,ODC1
ETCM_Gene_705,SMOX
ETCM_Gene_706,SMS
ETCM_Gene_707,TXNRD1
ETCM_Gene_708,AADAT
ETCM_Gene_709,AASS
ETCM_Gene_710,ALDH18A1
ETCM_Gene_711,ARG1
ETCM_Gene_712,ARG2
ETCM_Gene_713,BCAT1
ETCM_Gene_714,BCAT2
ETCM_Gene_715,CCBL2
ETCM_Gene_716,CPQ
ETCM_Gene_717,DNPEP
ETCM_Gene_718,EARS2
ETCM_Gene_719,ENPEP
ETCM_Gene_720,EPRS
ETCM_Gene_721,FOLH1
ETCM_Gene_722,FPGS
ETCM_Gene_723,GAD1
ETCM_Gene_724,GAD2
ETCM_Gene_725,GATB
ETCM_Gene_726,GATM
ETCM_Gene_727,GCLC
ETCM_Gene_728,GCLM
ETCM_Gene_729,GIG18
ETCM_Gene_730,GLS
ETCM_Gene_731,GLS2
ETCM_Gene_732,GLUD2
ETCM_Gene_733,GLUL
ETCM_Gene_734,GMPS
ETCM_Gene_735,GOT2
ETCM_Gene_736,GPT
ETCM_Gene_737,GPT2
ETCM_Gene_738,GRIA1
ETCM_Gene_739,GRIA3
ETCM_Gene_740,GRIA4
ETCM_Gene_741,GRID1
ETCM_Gene_742,GRID2
ETCM_Gene_743,GRIK1
ETCM_Gene_744,GRIK2
ETCM_Gene_745,GRIK3
ETCM_Gene_746,GRIK4
ETCM_Gene_747,GRIK5
ETCM_Gene_748,GRM1
ETCM_Gene_749,GRM4
ETCM_Gene_750,GRM7
ETCM_Gene_751,GRM8
ETCM_Gene_752,LGSN
ETCM_Gene_753,NADSYN1
ETCM_Gene_754,NAGS
ETCM_Gene_755,OAT
ETCM_Gene_756,OAZ1
ETCM_Gene_757,OAZ2
ETCM_Gene_758,OAZ3
ETCM_Gene_759,OPLAH
ETCM_Gene_760,OTC
ETCM_Gene_761,PFAS
ETCM_Gene_762,PSAT1
ETCM_Gene_763,SLC1A1
ETCM_Gene_764,SLC1A2
ETCM_Gene_765,SLC1A3
ETCM_Gene_766,SLC1A6
ETCM_Gene_767,SLC1A7
ETCM_Gene_768,SLC25A15
ETCM_Gene_769,SLC25A18
ETCM_Gene_770,SLC25A2
ETCM_Gene_771,SLC25A22
ETCM_Gene_772,SLC7A1
ETCM_Gene_773,SLC7A11
ETCM_Gene_774,SLC7A2
ETCM_Gene_775,SLC7A3
ETCM_Gene_776,SLC7A4
ETCM_Gene_777,TAT
ETCM_Gene_778,TM0268
ETCM_Gene_779,PIK3R1
ETCM_Gene_780,PLK1
ETCM_Gene_781,GABRR1
ETCM_Gene_782,GLRA1
ETCM_Gene_783,GLRA2
ETCM_Gene_784,AK1
ETCM_Gene_785,AK2
ETCM_Gene_786,AK8
ETCM_Gene_787,CCT3
ETCM_Gene_788,COMTD1
ETCM_Gene_789,DAM
ETCM_Gene_790,DAPK1
ETCM_Gene_791,DPH5
ETCM_Gene_792,DTYMK
ETCM_Gene_793,EPHA2
ETCM_Gene_794,EPHB2
ETCM_Gene_795,GALK1
ETCM_Gene_796,GAMT
ETCM_Gene_797,GAPDH
ETCM_Gene_798,GAPDHS
ETCM_Gene_799,GSK3B
ETCM_Gene_800,GSS
ETCM_Gene_801,HCN2
ETCM_Gene_802,HNMT
ETCM_Gene_803,IGF1R
ETCM_Gene_804,ITPKA
ETCM_Gene_805,KIF1A
ETCM_Gene_806,KIF2C
ETCM_Gene_807,LCK
ETCM_Gene_808,MAFF_RS13750
ETCM_Gene_809,MAPK10
ETCM_Gene_810,MAPK12
ETCM_Gene_811,PCMT1
ETCM_Gene_812,PFKFB4
ETCM_Gene_813,PNMT
ETCM_Gene_814,POLE
ETCM_Gene_815,POLE2
ETCM_Gene_816,POLE3
ETCM_Gene_817,POLE4
ETCM_Gene_818,PRKAR1A
ETCM_Gene_819,PRKAR2B
ETCM_Gene_820,PRMT1
ETCM_Gene_821,PRMT3
ETCM_Gene_822,RAD51
ETCM_Gene_823,RRM2
ETCM_Gene_824,RRM2B
ETCM_Gene_825,SETD7
ETCM_Gene_826,SIRT3
ETCM_Gene_827,SIRT5
ETCM_Gene_828,SRPK2
ETCM_Gene_829,TM0588
ETCM_Gene_830,TRPM7
ETCM_Gene_831,TTHA0667
ETCM_Gene_832,VCP
ETCM_Gene_833,ALOX15
ETCM_Gene_834,APP
ETCM_Gene_835,CLEC14A
ETCM_Gene_836,CXCL8
ETCM_Gene_837,IL12B
ETCM_Gene_838,IL2
ETCM_Gene_839,ITGA5
ETCM_Gene_840,ITGB3
ETCM_Gene_841,KHSRP
ETCM_Gene_842,MTNR1A
ETCM_Gene_843,MTNR1B
ETCM_Gene_844,PI4K2B
ETCM_Gene_845,SLC2A1
ETCM_Gene_846,YARS
ETCM_Gene_847,TPO
ETCM_Gene_848,TUBB
ETCM_Gene_849,STMN4
ETCM_Gene_850,TUBA1A
ETCM_Gene_851,TUBA1B
ETCM_Gene_852,TUBA1C
ETCM_Gene_853,TUBB1
ETCM_Gene_854,TUBB2B
ETCM_Gene_855,MTOR
ETCM_Gene_856,CDK2
ETCM_Gene_857,CYP1A1
ETCM_Gene_858,GABBR2
ETCM_Gene_859,LPA
ETCM_Gene_860,PLAT
ETCM_Gene_861,PLG
ETCM_Gene_862,CHEK1
ETCM_Gene_863,CHRNA10
ETCM_Gene_864,CHRNA7
ETCM_Gene_865,CHRNA9
ETCM_Gene_866,F2
ETCM_Gene_867,CACNA2D1
ETCM_Gene_868,EGF
ETCM_Gene_869,HNF1A
ETCM_Gene_870,LARS
ETCM_Gene_871,LARS2
ETCM_Gene_872,LCMT1
ETCM_Gene_873,LCMT2
ETCM_Gene_874,PAH
ETCM_Gene_875,PTH
ETCM_Gene_876,ADRA1A
ETCM_Gene_877,ADRA2A
ETCM_Gene_878,ADRA2B
ETCM_Gene_879,ADRA2C
ETCM_Gene_880,ATF1
ETCM_Gene_881,ATF2
ETCM_Gene_882,ATF3
ETCM_Gene_883,ATF4
ETCM_Gene_884,ATF5
ETCM_Gene_885,ATF6
ETCM_Gene_886,ATF7
ETCM_Gene_887,FOS
ETCM_Gene_888,JDP2
ETCM_Gene_889,JUN
ETCM_Gene_890,NFATC1
ETCM_Gene_891,SLC6A2
ETCM_Gene_892,SLC6A3
ETCM_Gene_893,SLC6A4
ETCM_Gene_894,CPT1A
ETCM_Gene_895,CPT2
ETCM_Gene_896,KCNH2
ETCM_Gene_897,DCPS
ETCM_Gene_898,EIF4E
ETCM_Gene_899,SCO5081
ETCM_Gene_900,ECE1
ETCM_Gene_901,ASRGL1
ETCM_Gene_902,CTPS1
ETCM_Gene_903,NARS
ETCM_Gene_904,NARS2
ETCM_Gene_905,PPAT
ETCM_Gene_906,SLC1A5
ETCM_Gene_907,SLC38A3
ETCM_Gene_908,CHRM2
ETCM_Gene_909,HTR2A
ETCM_Gene_910,HTR3A
ETCM_Gene_911,CALY
ETCM_Gene_912,DRD3
ETCM_Gene_913,DRD4
ETCM_Gene_914,DRD5
ETCM_Gene_915,HTR1A
ETCM_Gene_916,HTR1B
ETCM_Gene_917,HTR1D
ETCM_Gene_918,HTR2B
ETCM_Gene_919,HTR2C
ETCM_Gene_920,OPRD1
ETCM_Gene_921,OPRM1
ETCM_Gene_922,ORM2
ETCM_Gene_923,PDE10A
ETCM_Gene_924,CHRM3
ETCM_Gene_925,BPI
ETCM_Gene_926,PCTP
ETCM_Gene_927,PITPNA
ETCM_Gene_928,ATP8A1
ETCM_Gene_929,DGKD
ETCM_Gene_930,DGKG
ETCM_Gene_931,PISD
ETCM_Gene_932,PROCR
ETCM_Gene_933,PSAP
ETCM_Gene_934,PTDSS1
ETCM_Gene_935,PTDSS2
ETCM_Gene_936,PTEN
ETCM_Gene_937,SCARB1
ETCM_Gene_938,SMPD3
ETCM_Gene_939,SMPD4
ETCM_Gene_940,SLC5A2
ETCM_Gene_941,B3GAT3
ETCM_Gene_942,B4GALT1
ETCM_Gene_943,EXTL2
ETCM_Gene_944,GALE
ETCM_Gene_945,GYG1
ETCM_Gene_946,ISG20
ETCM_Gene_947,MGAT1
ETCM_Gene_948,P
ETCM_Gene_949,UAP1
ETCM_Gene_950,UMPS
ETCM_Gene_951,TPSAB1
ETCM_Gene_952,PRSS1
ETCM_Gene_953,TPSB2
ETCM_Gene_954,ABCB5
ETCM_Gene_955,ABCG2
ETCM_Gene_956,TUBA4A
ETCM_Gene_957,DHRS4L2
ETCM_Gene_958,SLC6A1
ETCM_Gene_959,SLC6A11
ETCM_Gene_960,SLC6A12
ETCM_Gene_961,SLC6A13
ETCM_Gene_962,CHRM1
ETCM_Gene_963,HSPA5
ETCM_Gene_964,IKBKB
ETCM_Gene_965,PRKAA2
ETCM_Gene_966,PRKAG1
ETCM_Gene_967,PRKAG2
ETCM_Gene_968,PRKAG3
ETCM_Gene_969,RPS6KA3
ETCM_Gene_970,TP53
ETCM_Gene_971,COL1A1
ETCM_Gene_972,MMP2
ETCM_Gene_973,HP0602
ETCM_Gene_974,TLR8
ETCM_Gene_975,ACACB
ETCM_Gene_976,ACP1
ETCM_Gene_977,PECR
ETCM_Gene_978,GSR
ETCM_Gene_979,TTHA0940
ETCM_Gene_980,GNRHR
ETCM_Gene_981,HCAR2
ETCM_Gene_982,HCAR3
ETCM_Gene_983,NNMT
ETCM_Gene_984,QPRT
ETCM_Gene_985,XOG1
ETCM_Gene_986,DUT
ETCM_Gene_987,NRDD
ETCM_Gene_988,RNASE4
ETCM_Gene_989,TERT
ETCM_Gene_990,TK1
ETCM_Gene_991,CACNA1A
ETCM_Gene_992,CACNA1B
ETCM_Gene_993,CACNA1G
ETCM_Gene_994,CACNA1H
ETCM_Gene_995,CACNA1I
ETCM_Gene_996,CACNA2D2
ETCM_Gene_997,CACNA2D3
ETCM_Gene_998,CACNG1
ETCM_Gene_999,CYP11B2
ETCM_Gene_1000,SRD5A3
ETCM_Gene_1001,DHFR
ETCM_Gene_1002,GART
ETCM_Gene_1003,ALDH1A1
ETCM_Gene_1004,ALDH1A2
ETCM_Gene_1005,ALDH1A3
ETCM_Gene_1006,APOD
ETCM_Gene_1007,DHRS3
ETCM_Gene_1008,DHRS4
ETCM_Gene_1009,LRAT
ETCM_Gene_1010,RBP1
ETCM_Gene_1011,RBP3
ETCM_Gene_1012,RDH11
ETCM_Gene_1013,RDH12
ETCM_Gene_1014,RDH13
ETCM_Gene_1015,RDH14
ETCM_Gene_1016,RDH5
ETCM_Gene_1017,RDH8
ETCM_Gene_1018,RETSAT
ETCM_Gene_1019,RLBP1
ETCM_Gene_1020,BGLAP
ETCM_Gene_1021,ADCY2
ETCM_Gene_1022,ADCY5
ETCM_Gene_1023,GNAS
ETCM_Gene_1024,TH
ETCM_Gene_1025,YARS2
ETCM_Gene_1026,TM0306
ETCM_Gene_1027,CHRNA3
ETCM_Gene_1028,CHRNB2
ETCM_Gene_1029,CHRNB4
ETCM_Gene_1030,CYBA
ETCM_Gene_1031,CYBB
ETCM_Gene_1032,NCF1
ETCM_Gene_1033,NCF2
ETCM_Gene_1034,NCF4
ETCM_Gene_1035,PGRMC1
ETCM_Gene_1036,RAC2
ETCM_Gene_1037,SLC19A2
ETCM_Gene_1038,TPK1
ETCM_Gene_1039,DGKA
ETCM_Gene_1040,PPP2CA
ETCM_Gene_1041,PPP2CB
ETCM_Gene_1042,SEC14L3
ETCM_Gene_1043,SEC14L4
ETCM_Gene_1044,SMO
ETCM_Gene_1045,F10
ETCM_Gene_1046,F7
ETCM_Gene_1047,F9
ETCM_Gene_1048,PROC
ETCM_Gene_1049,PROS1
ETCM_Gene_1050,PROZ
ETCM_Gene_1051,VKORC1L1
ETCM_Gene_1052,AMN
ETCM_Gene_1053,CUBN
ETCM_Gene_1054,MMAA
ETCM_Gene_1055,MMAB
ETCM_Gene_1056,MMACHC
ETCM_Gene_1057,MTRR
ETCM_Gene_1058,MUT
ETCM_Gene_1059,TCN1
ETCM_Gene_1060,CHAT
ETCM_Gene_1061,CHRNA5
ETCM_Gene_1062,CHRNA6
ETCM_Gene_1063,CHRNB3
ETCM_Gene_1064,HN
ETCM_Gene_1065,CTSF
ETCM_Gene_1066,MME
ETCM_Gene_1067,CHRM4
ETCM_Gene_1068,CHRM5
ETCM_Gene_1069,GNRHR2
ETCM_Gene_1070,MC1R
ETCM_Gene_1071,MC2R
ETCM_Gene_1072,MMP7
ETCM_Gene_1073,SSTR2
ETCM_Gene_1074,CRAT
ETCM_Gene_1075,CROT
ETCM_Gene_1076,MPO
ETCM_Gene_1077,SLC22A4
ETCM_Gene_1078,SLC22A5
ETCM_Gene_1079,SLC25A20
ETCM_Gene_1080,SLC25A29
ETCM_Gene_1081,SI
ETCM_Gene_1082,DAGLA
ETCM_Gene_1083,GLRB
ETCM_Gene_1084,GPR12
ETCM_Gene_1085,GPR18
ETCM_Gene_1086,GPR55
ETCM_Gene_1087,TRPV2
ETCM_Gene_1088,TRPV4
ETCM_Gene_1089,VDAC1
ETCM_Gene_1090,RARA
ETCM_Gene_1091,RARB
ETCM_Gene_1092,HSD3B2
ETCM_Gene_1093,TUBD1
ETCM_Gene_1094,TUBE1
ETCM_Gene_1095,TUBG1
ETCM_Gene_1096,OPRL1
ETCM_Gene_1097,POMC
ETCM_Gene_1098,TRIM13
ETCM_Gene_1099,KCNJ10
ETCM_Gene_1100,KCNJ1
ETCM_Gene_1101,KCNJ11
ETCM_Gene_1102,KCNJ12
ETCM_Gene_1103,KCNJ14
ETCM_Gene_1104,KCNJ15
ETCM_Gene_1105,KCNJ8
ETCM_Gene_1106,ACE
ETCM_Gene_1107,ACAD8
ETCM_Gene_1108,ACADM
ETCM_Gene_1109,ACADS
ETCM_Gene_1110,AIFM1
ETCM_Gene_1111,BCKDK
ETCM_Gene_1112,BST1
ETCM_Gene_1113,CMAS
ETCM_Gene_1114,CYB5R1
ETCM_Gene_1115,CYB5R3
ETCM_Gene_1116,DLD
ETCM_Gene_1117,ERO1B
ETCM_Gene_1118,FDXR
ETCM_Gene_1119,GCDH
ETCM_Gene_1120,GFER
ETCM_Gene_1121,GR2
ETCM_Gene_1122,HPRT1
ETCM_Gene_1123,HS3ST1
ETCM_Gene_1124,INSR
ETCM_Gene_1125,IVD
ETCM_Gene_1126,MAOA
ETCM_Gene_1127,MOD
ETCM_Gene_1128,MYH14
ETCM_Gene_1129,NDST1
ETCM_Gene_1130,NDUFA9
ETCM_Gene_1131,NMNAT1
ETCM_Gene_1132,NMNAT3
ETCM_Gene_1133,NT5M
ETCM_Gene_1134,P2RY2
ETCM_Gene_1135,PAPOLA
ETCM_Gene_1136,PDE2A
ETCM_Gene_1137,PGK1
ETCM_Gene_1138,PMS2
ETCM_Gene_1139,POLK
ETCM_Gene_1140,PSPTO_1126
ETCM_Gene_1141,PTR1
ETCM_Gene_1142,RNASE2
ETCM_Gene_1143,SULT1A1
ETCM_Gene_1144,SULT1B1
ETCM_Gene_1145,SULT1E1
ETCM_Gene_1146,SYN1
ETCM_Gene_1147,UL54
ETCM_Gene_1148,WARS
ETCM_Gene_1149,AKR1A1
ETCM_Gene_1150,AKR1B10
ETCM_Gene_1151,DCXR
ETCM_Gene_1152,DECR1
ETCM_Gene_1153,DHRS11
ETCM_Gene_1154,HSD17B8
ETCM_Gene_1155,MDH1
ETCM_Gene_1156,ME1
ETCM_Gene_1157,NNT
ETCM_Gene_1158,SPR
ETCM_Gene_1159,TM0441
ETCM_Gene_1160,TM0820
ETCM_Gene_1161,TM0920
ETCM_Gene_1162,TM1009
ETCM_Gene_1163,CYP26A1
ETCM_Gene_1164,CYP26B1
ETCM_Gene_1165,CYP26C1
ETCM_Gene_1166,GPRC5A
ETCM_Gene_1167,IGFBP3
ETCM_Gene_1168,LCN1
ETCM_Gene_1169,OBP2A
ETCM_Gene_1170,PDK4
ETCM_Gene_1171,PSG5
ETCM_Gene_1172,RARRES1
ETCM_Gene_1173,RBP4
ETCM_Gene_1174,EN2
ETCM_Gene_1175,P/V
ETCM_Gene_1176,UBE2D2
ETCM_Gene_1177,ANXA5
ETCM_Gene_1178,C3L
ETCM_Gene_1179,FGF2
ETCM_Gene_1180,FST
ETCM_Gene_1181,HGF
ETCM_Gene_1182,REN
ETCM_Gene_1183,ADRA1B
ETCM_Gene_1184,ADRA1D
ETCM_Gene_1185,ADRB3
ETCM_Gene_1186,MAPK1
ETCM_Gene_1187,PDE4
ETCM_Gene_1188,PIK3R2
ETCM_Gene_1189,PIK3R3
ETCM_Gene_1190,SLC18A1
ETCM_Gene_1191,TPI
ETCM_Gene_1192,PA0845
ETCM_Gene_1193,PDE3B
ETCM_Gene_1194,F13A1
ETCM_Gene_1195,PHB2
ETCM_Gene_1196,HIF1A
ETCM_Gene_1197,ANXA2
ETCM_Gene_1198,ANXA3
ETCM_Gene_1199,ANXA4
ETCM_Gene_1200,INHA
ETCM_Gene_1201,PPIA
ETCM_Gene_1202,CDH5
ETCM_Gene_1203,CRBN
ETCM_Gene_1204,TNFSF11
ETCM_Gene_1205,KARS
ETCM_Gene_1206,WARS2
ETCM_Gene_1207,ENOX2
ETCM_Gene_1208,ACTA2
ETCM_Gene_1209,ATP5I
ETCM_Gene_1210,ATP5L
ETCM_Gene_1211,CYB5B
ETCM_Gene_1212,DIABLO
ETCM_Gene_1213,FBXO41
ETCM_Gene_1214,HNRNPF
ETCM_Gene_1215,HNRNPK
ETCM_Gene_1216,HSPA4
ETCM_Gene_1217,HSPB1
ETCM_Gene_1218,HSPH1
ETCM_Gene_1219,MT-ND1
ETCM_Gene_1220,NUDC
ETCM_Gene_1221,PAPPA
ETCM_Gene_1222,PSMA3
ETCM_Gene_1223,PSMC3
ETCM_Gene_1224,RANBP1
ETCM_Gene_1225,S100A10
ETCM_Gene_1226,SF3A3
ETCM_Gene_1227,SMARCE1
ETCM_Gene_1228,TPD52L2
ETCM_Gene_1229,TPM1
ETCM_Gene_1230,TPM3
ETCM_Gene_1231,TPM4
ETCM_Gene_1232,TUBA3C
ETCM_Gene_1233,TUBB2A
ETCM_Gene_1234,TUBB3
ETCM_Gene_1235,TUBB4B
ETCM_Gene_1236,TXN
ETCM_Gene_1237,UCHL1
ETCM_Gene_1238,USP14
ETCM_Gene_1239,VIM
ETCM_Gene_1240,YWHAB
ETCM_Gene_1241,YWHAH
ETCM_Gene_1242,YWHAQ
ETCM_Gene_1243,YWHAZ
ETCM_Gene_1244,AVPR1A
ETCM_Gene_1245,AVPR1B
ETCM_Gene_1246,AVPR2
ETCM_Gene_1247,OXTR
ETCM_Gene_1248,SERPINA5
ETCM_Gene_1249,KEAP1
ETCM_Gene_1250,RELA
ETCM_Gene_1251,NCOA5
ETCM_Gene_1252,KLK3
ETCM_Gene_1253,PTGER2
ETCM_Gene_1254,PTGER3
ETCM_Gene_1255,PTGER4
ETCM_Gene_1256,DR_0842
ETCM_Gene_1257,AGXT2
ETCM_Gene_1258,PC
ETCM_Gene_1259,PDHB
ETCM_Gene_1260,PKLR
ETCM_Gene_1261,PKM
ETCM_Gene_1262,SLC16A1
ETCM_Gene_1263,SLC16A2
ETCM_Gene_1264,SLC16A3
ETCM_Gene_1265,SLC16A4
ETCM_Gene_1266,SLC16A5
ETCM_Gene_1267,SLC16A6
ETCM_Gene_1268,SLC16A7
ETCM_Gene_1269,SLC16A8
ETCM_Gene_1270,ART1
ETCM_Gene_1271,LDHA
ETCM_Gene_1272,PARP1
ETCM_Gene_1273,PRSS2
ETCM_Gene_1274,WEE1
ETCM_Gene_1275,DDC
ETCM_Gene_1276,EPOR
ETCM_Gene_1277,IYD
ETCM_Gene_1278,SOD2
ETCM_Gene_1279,HTR3B
ETCM_Gene_1280,HTR7
ETCM_Gene_1281,KYNU
ETCM_Gene_1282,PREP
ETCM_Gene_1283,HTR6
ETCM_Gene_1284,SNRPA
ETCM_Gene_1285,ACS3
ETCM_Gene_1286,ACTG1
ETCM_Gene_1287,ALDH7A1
ETCM_Gene_1288,ALDOA
ETCM_Gene_1289,ATP5O
ETCM_Gene_1290,CAST
ETCM_Gene_1291,CFL1
ETCM_Gene_1292,CLIC1
ETCM_Gene_1293,CSRP1
ETCM_Gene_1294,CYCS
ETCM_Gene_1295,DDX39B
ETCM_Gene_1296,DDX5
ETCM_Gene_1297,DPYSL2
ETCM_Gene_1298,DSP
ETCM_Gene_1299,ENO1
ETCM_Gene_1300,FLNA
ETCM_Gene_1301,FTO
ETCM_Gene_1302,GPI
ETCM_Gene_1303,H45
ETCM_Gene_1304,HNRNPA2B1
ETCM_Gene_1305,HNRNPD
ETCM_Gene_1306,HP1BP3
ETCM_Gene_1307,LACZ
ETCM_Gene_1308,LDHB
ETCM_Gene_1309,MAL13P1.227
ETCM_Gene_1310,MAL13P1.281
ETCM_Gene_1311,MAL13P1.540
ETCM_Gene_1312,MAL13P1.92
ETCM_Gene_1313,MAL7P1.202
ETCM_Gene_1314,MAL8P1.31
ETCM_Gene_1315,MAL8P1.32
ETCM_Gene_1316,MAL8P1.69
ETCM_Gene_1317,MAP4
ETCM_Gene_1318,MESA
ETCM_Gene_1319,MYH9
ETCM_Gene_1320,NPEPPS
ETCM_Gene_1321,NPM1
ETCM_Gene_1322,P4HB
ETCM_Gene_1323,PF07_0029
ETCM_Gene_1324,PF07_0088
ETCM_Gene_1325,PF07_0112
ETCM_Gene_1326,PF08_0032
ETCM_Gene_1327,PF10_0084
ETCM_Gene_1328,PF10_0110
ETCM_Gene_1329,PF10_0126
ETCM_Gene_1330,PF10_0155
ETCM_Gene_1331,PF10_0159
ETCM_Gene_1332,PF10_0187
ETCM_Gene_1333,PF10_0272
ETCM_Gene_1334,PF10_0289
ETCM_Gene_1335,PF10_0325
ETCM_Gene_1336,PF10_0340
ETCM_Gene_1337,PF11_0174
ETCM_Gene_1338,PF11_0189
ETCM_Gene_1339,PF11_0270
ETCM_Gene_1340,PF11_0301
ETCM_Gene_1341,PF11_0454
ETCM_Gene_1342,PF13_0049
ETCM_Gene_1343,PF13_0132
ETCM_Gene_1344,PF13_0214
ETCM_Gene_1345,PF13_0268
ETCM_Gene_1346,PF13_0272
ETCM_Gene_1347,PF13_0346
ETCM_Gene_1348,PF14_0017
ETCM_Gene_1349,PF14_0075
ETCM_Gene_1350,PF14_0076
ETCM_Gene_1351,PF14_0078
ETCM_Gene_1352,PF14_0141
ETCM_Gene_1353,PF14_0240
ETCM_Gene_1354,PF14_0286
ETCM_Gene_1355,PF14_0296
ETCM_Gene_1356,PF14_0359
ETCM_Gene_1357,PF14_0361
ETCM_Gene_1358,PF14_0486
ETCM_Gene_1359,PF14_0541
ETCM_Gene_1360,PF14_0578
ETCM_Gene_1361,PF14_0579
ETCM_Gene_1362,PF14_0590
ETCM_Gene_1363,PF14_0627
ETCM_Gene_1364,PFN1
ETCM_Gene_1365,PGAM1
ETCM_Gene_1366,PKAR
ETCM_Gene_1367,PRDX1
ETCM_Gene_1368,RPL10
ETCM_Gene_1369,RPL14
ETCM_Gene_1370,RPL18
ETCM_Gene_1371,RPL35
ETCM_Gene_1372,RPL4
ETCM_Gene_1373,RPS13
ETCM_Gene_1374,RPS17
ETCM_Gene_1375,RPS18
ETCM_Gene_1376,RPS19
ETCM_Gene_1377,RPS28
ETCM_Gene_1378,RPS5
ETCM_Gene_1379,RPS6
ETCM_Gene_1380,RPS8
ETCM_Gene_1381,RPS9
ETCM_Gene_1382,SF1
ETCM_Gene_1383,SFPQ
ETCM_Gene_1384,SNRPD2
ETCM_Gene_1385,SRP14
ETCM_Gene_1386,SRSF4
ETCM_Gene_1387,TAGLN
ETCM_Gene_1388,TAGLN2
ETCM_Gene_1389,TPX1
ETCM_Gene_1390,TUBB4A
ETCM_Gene_1391,TUBB6
ETCM_Gene_1392,VAPA
ETCM_Gene_1393,ZYX
ETCM_Gene_1394,APCS
ETCM_Gene_1395,GLA
ETCM_Gene_1396,MSDC
ETCM_Gene_1397,ATP6V1A
ETCM_Gene_1398,ACE2
ETCM_Gene_1399,GUCY2C
ETCM_Gene_1400,SSTR1
ETCM_Gene_1401,SSTR3
ETCM_Gene_1402,SSTR5
ETCM_Gene_1403,ACAT2
ETCM_Gene_1404,ADH1A
ETCM_Gene_1405,ADH4
ETCM_Gene_1406,ADH7
ETCM_Gene_1407,AKR1C4
ETCM_Gene_1408,ALDH1B1
ETCM_Gene_1409,ALDH3A1
ETCM_Gene_1410,ALDH3A2
ETCM_Gene_1411,ALDH3B1
ETCM_Gene_1412,ALDH3B2
ETCM_Gene_1413,ALDH4A1
ETCM_Gene_1414,ALDH6A1
ETCM_Gene_1415,ALDH9A1
ETCM_Gene_1416,BC2038
ETCM_Gene_1417,BDH1
ETCM_Gene_1418,BLVRA
ETCM_Gene_1419,CANT1
ETCM_Gene_1420,CDO1
ETCM_Gene_1421,CYP4A11
ETCM_Gene_1422,DHCR7
ETCM_Gene_1423,DLAT
ETCM_Gene_1424,DNTT
ETCM_Gene_1425,EHHADH
ETCM_Gene_1426,GPD1
ETCM_Gene_1427,H6PD
ETCM_Gene_1428,HADH
ETCM_Gene_1429,HADHA
ETCM_Gene_1430,HI0827
ETCM_Gene_1431,HIBADH
ETCM_Gene_1432,HMOX2
ETCM_Gene_1433,HPGD
ETCM_Gene_1434,HSD17B10
ETCM_Gene_1435,HSD17B3
ETCM_Gene_1436,HSD17B4
ETCM_Gene_1437,HSD17B7
ETCM_Gene_1438,IDH3A
ETCM_Gene_1439,IDH3B
ETCM_Gene_1440,IDH3G
ETCM_Gene_1441,KAT2A
ETCM_Gene_1442,KAT2B
ETCM_Gene_1443,KAT5
ETCM_Gene_1444,L1
ETCM_Gene_1445,LDHAL6A
ETCM_Gene_1446,LDHAL6B
ETCM_Gene_1447,LDHC
ETCM_Gene_1448,ME3
ETCM_Gene_1449,MSMO1
ETCM_Gene_1450,MT-ND2
ETCM_Gene_1451,MT-ND3
ETCM_Gene_1452,MT-ND4
ETCM_Gene_1453,MT-ND4L
ETCM_Gene_1454,MT-ND5
ETCM_Gene_1455,MT-ND6
ETCM_Gene_1456,NDUFA10
ETCM_Gene_1457,NDUFA1
ETCM_Gene_1458,NDUFA11
ETCM_Gene_1459,NDUFA12
ETCM_Gene_1460,NDUFA13
ETCM_Gene_1461,NDUFA2
ETCM_Gene_1462,NDUFA3
ETCM_Gene_1463,NDUFA4
ETCM_Gene_1464,NDUFA4L2
ETCM_Gene_1465,NDUFA5
ETCM_Gene_1466,NDUFA6
ETCM_Gene_1467,NDUFA7
ETCM_Gene_1468,NDUFA8
ETCM_Gene_1469,NDUFAB1
ETCM_Gene_1470,NDUFB10
ETCM_Gene_1471,NDUFB1
ETCM_Gene_1472,NDUFB2
ETCM_Gene_1473,NDUFB3
ETCM_Gene_1474,NDUFB4
ETCM_Gene_1475,NDUFB5
ETCM_Gene_1476,NDUFB6
ETCM_Gene_1477,NDUFB7
ETCM_Gene_1478,NDUFB8
ETCM_Gene_1479,NDUFB9
ETCM_Gene_1480,NDUFC1
ETCM_Gene_1481,NDUFC2
ETCM_Gene_1482,NDUFS1
ETCM_Gene_1483,NDUFS2
ETCM_Gene_1484,NDUFS3
ETCM_Gene_1485,NDUFS4
ETCM_Gene_1486,NDUFS5
ETCM_Gene_1487,NDUFS6
ETCM_Gene_1488,NDUFS7
ETCM_Gene_1489,NDUFS8
ETCM_Gene_1490,NDUFV1
ETCM_Gene_1491,NDUFV2
ETCM_Gene_1492,NDUFV3
ETCM_Gene_1493,NSDHL
ETCM_Gene_1494,PA3270
ETCM_Gene_1495,PCK1
ETCM_Gene_1496,PDHA1
ETCM_Gene_1497,PDHA2
ETCM_Gene_1498,PGD
ETCM_Gene_1499,PHGDH
ETCM_Gene_1500,PYCR1
ETCM_Gene_1501,PYCR2
ETCM_Gene_1502,QDPR
ETCM_Gene_1503,SORD
ETCM_Gene_1504,TSTA3
ETCM_Gene_1505,UGDH
ETCM_Gene_1506,ACACA
ETCM_Gene_1507,HLCS
ETCM_Gene_1508,MCCC1
ETCM_Gene_1509,MCCC2
ETCM_Gene_1510,PCCA
ETCM_Gene_1511,PCCB
ETCM_Gene_1512,SLC5A6
ETCM_Gene_1513,ICL1
ETCM_Gene_1514,L3HYPDH
ETCM_Gene_1515,P5CR2
ETCM_Gene_1516,PARS2
ETCM_Gene_1517,PPIB
ETCM_Gene_1518,PPIC
ETCM_Gene_1519,PPIF
ETCM_Gene_1520,PPIG
ETCM_Gene_1521,PPIH
ETCM_Gene_1522,PRODH
ETCM_Gene_1523,PROSC
ETCM_Gene_1524,PYCRL
ETCM_Gene_1525,SLC6A14
ETCM_Gene_1526,SLC6A7
ETCM_Gene_1527,CPS1
ETCM_Gene_1528,OAS1
ETCM_Gene_1529,GAA
ETCM_Gene_1530,GANAB
ETCM_Gene_1531,GANC
ETCM_Gene_1532,MGAM
ETCM_Gene_1533,CXCR4
ETCM_Gene_1534,UGCG
ETCM_Gene_1535,IMPA1
ETCM_Gene_1536,IMPA2
ETCM_Gene_1537,BTK
ETCM_Gene_1538,CYTH3
ETCM_Gene_1539,DAPP1
ETCM_Gene_1540,EEA1
ETCM_Gene_1541,EPN1
ETCM_Gene_1542,INPP5B
ETCM_Gene_1543,PDPK1
ETCM_Gene_1544,PLCD1
ETCM_Gene_1545,PLEKHA4
ETCM_Gene_1546,RDX
ETCM_Gene_1547,SPTBN1
ETCM_Gene_1548,EDNRB
ETCM_Gene_1549,ACY1
ETCM_Gene_1550,ACY3
ETCM_Gene_1551,ADSS
ETCM_Gene_1552,ASPA
ETCM_Gene_1553,ASS
ETCM_Gene_1554,CAD
ETCM_Gene_1555,DARS
ETCM_Gene_1556,DARS2
ETCM_Gene_1557,PAICS
ETCM_Gene_1558,SLC25A12
ETCM_Gene_1559,SLC25A13
ETCM_Gene_1560,CTNS
ETCM_Gene_1561,SLC3A1
ETCM_Gene_1562,SLC7A9
ETCM_Gene_1563,AGXT
ETCM_Gene_1564,CBS
ETCM_Gene_1565,SARS
ETCM_Gene_1566,SDS
ETCM_Gene_1567,SERPINB3
ETCM_Gene_1568,SPTLC1
ETCM_Gene_1569,SPTLC2
ETCM_Gene_1570,SRR
ETCM_Gene_1571,TARS
ETCM_Gene_1572,TARS2
ETCM_Gene_1573,THNSL1
ETCM_Gene_1574,ASL
ETCM_Gene_1575,AZIN2
ETCM_Gene_1576,CKM
ETCM_Gene_1577,NOS3
ETCM_Gene_1578,HAL
ETCM_Gene_1579,HARS
ETCM_Gene_1580,HDC
ETCM_Gene_1581,IGHV1OR15-1
ETCM_Gene_1582,CDK4
ETCM_Gene_1583,DPP4
ETCM_Gene_1584,MAPKAPK2
ETCM_Gene_1585,MAPKAPK3
ETCM_Gene_1586,PTGDR2
ETCM_Gene_1587,PTGER1
ETCM_Gene_1588,PTGR2
ETCM_Gene_1589,PADI4
ETCM_Gene_1590,ASIC3
ETCM_Gene_1591,CHRNA1
ETCM_Gene_1592,NISCH
ETCM_Gene_1593,PRSS3
ETCM_Gene_1594,KLKB1
ETCM_Gene_1595,CHRNB1
ETCM_Gene_1596,CHRND
ETCM_Gene_1597,CHRNE
ETCM_Gene_1598,CHRNG
ETCM_Gene_1599,AZGP1
ETCM_Gene_1600,C1QBP
ETCM_Gene_1601,CD44
ETCM_Gene_1602,CHIT1
ETCM_Gene_1603,HABP2
ETCM_Gene_1604,HABP4
ETCM_Gene_1605,HAPLN1
ETCM_Gene_1606,HAPLN3
ETCM_Gene_1607,HAPLN4
ETCM_Gene_1608,HEXB
ETCM_Gene_1609,HMMR
ETCM_Gene_1610,ICAM1
ETCM_Gene_1611,IFNG
ETCM_Gene_1612,IMPG2
ETCM_Gene_1613,L5
ETCM_Gene_1614,LAYN
ETCM_Gene_1615,MMP9
ETCM_Gene_1616,NEU2
ETCM_Gene_1617,REG1A
ETCM_Gene_1618,SELE
ETCM_Gene_1619,SELP
ETCM_Gene_1620,SIGLEC7
ETCM_Gene_1621,STAB2
ETCM_Gene_1622,TNFAIP6
ETCM_Gene_1623,VCAN
ETCM_Gene_1624,KLK1
ETCM_Gene_1625,SAP2
ETCM_Gene_1626,KCNJ5
ETCM_Gene_1627,UQCR11
ETCM_Gene_1628,FABP2
ETCM_Gene_1629,GP1BA
ETCM_Gene_1630,S100A7
ETCM_Gene_1631,THBD
ETCM_Gene_1632,SCGB1A1
ETCM_Gene_1633,CRP
ETCM_Gene_1634,ELSPBP1
ETCM_Gene_1635,NR5A1
